Workbook

Sheet 사용법
A1: 찬홍팍 주식관리 엑셀
A2: 앱(chanhong)과 같은 계산 규칙을 엑셀 수식으로 옮긴 파일입니다.
A5: ■ 손대는 곳 | B5: 노란 칸 + 파란 글씨. 이 셋만 채우면 나머지는 전부 자동으로 계산됩니다.
A6: 1. 종목정보 | B6: 가진 종목을 등록합니다. 티커 / 종목명 / 국가 / 통화 / 섹터 / 현재가
A7: 2. 거래입력 | B7: 산 날, 판 날을 한 줄씩 적습니다. 반드시 날짜 순으로 적으세요.
A8: 3. 설정 | B8: 환율과 허용오차. 국가별·섹터별 시트의 목표 비중도 여기서 정합니다.
A10: ■ 손대지 마세요 | B10: 검은 글씨 = 수식입니다. 지우면 계산이 깨집니다.
B11: 초록 글씨 = 다른 시트에서 끌어온 값입니다.
A13: ■ 자동으로 나오는 것
A14: 보유현황 | B14: 종목별 보유수량 / 평단 / 평가금액 / 손익 / 수익률 / 비중
A15: 국가별 | B15: 국가별 비중과 목표 대비 판정 (비중 많음 / 적정 / 비중 적음)
A16: 섹터별 | B16: 섹터별 비중과 목표 대비 판정
A18: ■ 계산 규칙 (앱과 같음)
A19: 평단 | B19: 이동평균. 살 때 수수료를 매입원가에 포함합니다.
B20: 팔아도 평단은 그대로 두고, 판 몫의 손익만 실현손익으로 뺍니다.
A21: 시세가 없으면 | B21: 평가금액을 0 으로 두지 않고 산 값(매입가)으로 칩니다.
B22: 0 으로 두면 방금 넣은 종목이 총자산에서 통째로 사라집니다.
A23: 비중 | B23: 모든 금액을 기준통화(원)로 바꾼 뒤 계산합니다.
A24: 판정 | B24: 목표 ± 허용오차 를 벗어나면 많음 / 적음으로 표시합니다.
A26: ■ 앱에서 옮겨오기 | B26: 앱 → 설정 → 엑셀로 내려받기 → [거래내역] 시트를 통째로 복사해서
B27: 이 파일 거래입력 시트 A4 에 붙여넣으면 됩니다. 열 순서가 같습니다.
A29: ■ 예시 데이터 | B29: 지금 들어있는 숫자는 예시입니다. 거래입력·종목정보의 내용을 지우고
B30: 형님 것으로 채우세요. 수식이 있는 칸은 지우지 마세요.
A32: ■ 넣을 수 있는 양 | B32: 거래 250건 / 종목 60개. 모자라면 마지막 행을 복사해 아래로 늘리세요.
A34: 색깔 규칙
A35: ■■■ | B35: 직접 입력하는 칸
A36: ■■■ | B36: 수식 (건드리지 마세요)
A37: ■■■ | B37: 다른 시트에서 온 값

Sheet 종목정보
A1: 종목정보
A2: 가진 종목을 등록하는 곳. 현재가는 앱에서 보고 옮겨 적으세요.
A3: 티커 | B3: 종목명 | C3: 국가 | D3: 통화 | E3: 섹터 | F3: 현재가(현지통화) | G3: 메모
A4: 005930.KS | B4: 삼성전자 | C4: KR | D4: KRW | E4: 반도체 | F4: 85666 | G4: 예시 - 지우고 형님 것을 넣으세요
A5: 373220.KS | B5: LG에너지솔루션 | C5: KR | D5: KRW | E5: 2차전지 | F5: 372000 | G5: 예시
A6: AAPL | B6: 애플 | C6: US | D6: USD | E6: IT하드웨어 | F6: 232.8 | G6: 예시
A7: AMZN | B7: 아마존 | C7: US | D7: USD | E7: 소비재/클라우드 | F7: 178.2 | G7: 예시
A8: TSLA | B8: 테슬라 | C8: US | D8: USD | E8: 자동차 | F8: 250.75 | G8: 예시
A9: VIC.VN | B9: 빈그룹 | C9: VN | D9: VND | E9: 지주/부동산 | F9: 41000 | G9: 예시

Sheet 거래입력
A1: 거래입력
A2: 산 날·판 날을 한 줄씩. ★ 반드시 날짜 순으로 적으세요 — 평단이 순서대로 굴러가기 때문입니다. | K2: ↓ 여기부터는 자동 계산 (건드리지 마세요)
A3: 일자 | B3: 종목명 | C3: 티커 | D3: 구분 | E3: 수량 | F3: 단가 | G3: 수수료 | H3: 계좌 | I3: 메모 | K3: 이전수량 | L3: 누적수량 | M3: 이전원가(현지) | N3: 누적원가(현지) | O3: 평단(현지) | P3: 실현손익(현지)
A4: 2024-03-04 | B4: 삼성전자 | C4: 005930.KS | D4: 매수 | E4: 50 | F4: 72500 | G4: 1090 | H4: 연금저축 | K4: =IF($C4="","",0) | L4: =IF($C4="","",IF($D4="매수",$K4+$E4,MAX(0,$K4-$E4))) | M4: =IF($C4="","",0) | N4: =IF($C4="","",IF($D4="매수",$M4+$E4*$F4+$G4,$M4-IF($K4=0,0,$M4/$K4)*MIN($E4,$K4))) | O4: =IF($C4="","",IF($L4=0,0,$N4/$L4)) | P4: =IF($C4="","",IF($D4="매수",0,MIN($E4,$K4)*$F4-IF($K4=0,0,$M4/$K4)*MIN($E4,$K4)-$G4))
A5: 2024-05-20 | B5: 애플 | C5: AAPL | D5: 매수 | E5: 20 | F5: 189.5 | G5: 0.95 | H5: 해외주식 | K5: =IF($C5="","",IFERROR(LOOKUP(2,1/($C$4:$C4=$C5),$L$4:$L4),0)) | L5: =IF($C5="","",IF($D5="매수",$K5+$E5,MAX(0,$K5-$E5))) | M5: =IF($C5="","",IFERROR(LOOKUP(2,1/($C$4:$C4=$C5),$N$4:$N4),0)) | N5: =IF($C5="","",IF($D5="매수",$M5+$E5*$F5+$G5,$M5-IF($K5=0,0,$M5/$K5)*MIN($E5,$K5))) | O5: =IF($C5="","",IF($L5=0,0,$N5/$L5)) | P5: =IF($C5="","",IF($D5="매수",0,MIN($E5,$K5)*$F5-IF($K5=0,0,$M5/$K5)*MIN($E5,$K5)-$G5))
A6: 2024-06-11 | B6: 아마존 | C6: AMZN | D6: 매수 | E6: 10 | F6: 183.2 | G6: 0.92 | H6: 해외주식 | K6: =IF($C6="","",IFERROR(LOOKUP(2,1/($C$4:$C5=$C6),$L$4:$L5),0)) | L6: =IF($C6="","",IF($D6="매수",$K6+$E6,MAX(0,$K6-$E6))) | M6: =IF($C6="","",IFERROR(LOOKUP(2,1/($C$4:$C5=$C6),$N$4:$N5),0)) | N6: =IF($C6="","",IF($D6="매수",$M6+$E6*$F6+$G6,$M6-IF($K6=0,0,$M6/$K6)*MIN($E6,$K6))) | O6: =IF($C6="","",IF($L6=0,0,$N6/$L6)) | P6: =IF($C6="","",IF($D6="매수",0,MIN($E6,$K6)*$F6-IF($K6=0,0,$M6/$K6)*MIN($E6,$K6)-$G6))
A7: 2024-07-02 | B7: 테슬라 | C7: TSLA | D7: 매수 | E7: 12 | F7: 210.4 | G7: 1.05 | H7: 해외주식 | K7: =IF($C7="","",IFERROR(LOOKUP(2,1/($C$4:$C6=$C7),$L$4:$L6),0)) | L7: =IF($C7="","",IF($D7="매수",$K7+$E7,MAX(0,$K7-$E7))) | M7: =IF($C7="","",IFERROR(LOOKUP(2,1/($C$4:$C6=$C7),$N$4:$N6),0)) | N7: =IF($C7="","",IF($D7="매수",$M7+$E7*$F7+$G7,$M7-IF($K7=0,0,$M7/$K7)*MIN($E7,$K7))) | O7: =IF($C7="","",IF($L7=0,0,$N7/$L7)) | P7: =IF($C7="","",IF($D7="매수",0,MIN($E7,$K7)*$F7-IF($K7=0,0,$M7/$K7)*MIN($E7,$K7)-$G7))
A8: 2024-09-13 | B8: LG에너지솔루션 | C8: 373220.KS | D8: 매수 | E8: 3 | F8: 401000 | G8: 1800 | H8: 연금저축 | K8: =IF($C8="","",IFERROR(LOOKUP(2,1/($C$4:$C7=$C8),$L$4:$L7),0)) | L8: =IF($C8="","",IF($D8="매수",$K8+$E8,MAX(0,$K8-$E8))) | M8: =IF($C8="","",IFERROR(LOOKUP(2,1/($C$4:$C7=$C8),$N$4:$N7),0)) | N8: =IF($C8="","",IF($D8="매수",$M8+$E8*$F8+$G8,$M8-IF($K8=0,0,$M8/$K8)*MIN($E8,$K8))) | O8: =IF($C8="","",IF($L8=0,0,$N8/$L8)) | P8: =IF($C8="","",IF($D8="매수",0,MIN($E8,$K8)*$F8-IF($K8=0,0,$M8/$K8)*MIN($E8,$K8)-$G8))
A9: 2024-11-08 | B9: 빈그룹 | C9: VIC.VN | D9: 매수 | E9: 500 | F9: 43200 | G9: 108 | H9: 해외주식 | K9: =IF($C9="","",IFERROR(LOOKUP(2,1/($C$4:$C8=$C9),$L$4:$L8),0)) | L9: =IF($C9="","",IF($D9="매수",$K9+$E9,MAX(0,$K9-$E9))) | M9: =IF($C9="","",IFERROR(LOOKUP(2,1/($C$4:$C8=$C9),$N$4:$N8),0)) | N9: =IF($C9="","",IF($D9="매수",$M9+$E9*$F9+$G9,$M9-IF($K9=0,0,$M9/$K9)*MIN($E9,$K9))) | O9: =IF($C9="","",IF($L9=0,0,$N9/$L9)) | P9: =IF($C9="","",IF($D9="매수",0,MIN($E9,$K9)*$F9-IF($K9=0,0,$M9/$K9)*MIN($E9,$K9)-$G9))
A10: 2025-01-15 | B10: 삼성전자 | C10: 005930.KS | D10: 매수 | E10: 30 | F10: 55900 | G10: 840 | H10: 연금저축 | I10: 추가매수 | K10: =IF($C10="","",IFERROR(LOOKUP(2,1/($C$4:$C9=$C10),$L$4:$L9),0)) | L10: =IF($C10="","",IF($D10="매수",$K10+$E10,MAX(0,$K10-$E10))) | M10: =IF($C10="","",IFERROR(LOOKUP(2,1/($C$4:$C9=$C10),$N$4:$N9),0)) | N10: =IF($C10="","",IF($D10="매수",$M10+$E10*$F10+$G10,$M10-IF($K10=0,0,$M10/$K10)*MIN($E10,$K10))) | O10: =IF($C10="","",IF($L10=0,0,$N10/$L10)) | P10: =IF($C10="","",IF($D10="매수",0,MIN($E10,$K10)*$F10-IF($K10=0,0,$M10/$K10)*MIN($E10,$K10)-$G10))
A11: 2025-04-22 | B11: 테슬라 | C11: TSLA | D11: 매도 | E11: 5 | F11: 268 | G11: 1.34 | H11: 해외주식 | I11: 일부 익절 | K11: =IF($C11="","",IFERROR(LOOKUP(2,1/($C$4:$C10=$C11),$L$4:$L10),0)) | L11: =IF($C11="","",IF($D11="매수",$K11+$E11,MAX(0,$K11-$E11))) | M11: =IF($C11="","",IFERROR(LOOKUP(2,1/($C$4:$C10=$C11),$N$4:$N10),0)) | N11: =IF($C11="","",IF($D11="매수",$M11+$E11*$F11+$G11,$M11-IF($K11=0,0,$M11/$K11)*MIN($E11,$K11))) | O11: =IF($C11="","",IF($L11=0,0,$N11/$L11)) | P11: =IF($C11="","",IF($D11="매수",0,MIN($E11,$K11)*$F11-IF($K11=0,0,$M11/$K11)*MIN($E11,$K11)-$G11))
K12: =IF($C12="","",IFERROR(LOOKUP(2,1/($C$4:$C11=$C12),$L$4:$L11),0)) | L12: =IF($C12="","",IF($D12="매수",$K12+$E12,MAX(0,$K12-$E12))) | M12: =IF($C12="","",IFERROR(LOOKUP(2,1/($C$4:$C11=$C12),$N$4:$N11),0)) | N12: =IF($C12="","",IF($D12="매수",$M12+$E12*$F12+$G12,$M12-IF($K12=0,0,$M12/$K12)*MIN($E12,$K12))) | O12: =IF($C12="","",IF($L12=0,0,$N12/$L12)) | P12: =IF($C12="","",IF($D12="매수",0,MIN($E12,$K12)*$F12-IF($K12=0,0,$M12/$K12)*MIN($E12,$K12)-$G12))
K13: =IF($C13="","",IFERROR(LOOKUP(2,1/($C$4:$C12=$C13),$L$4:$L12),0)) | L13: =IF($C13="","",IF($D13="매수",$K13+$E13,MAX(0,$K13-$E13))) | M13: =IF($C13="","",IFERROR(LOOKUP(2,1/($C$4:$C12=$C13),$N$4:$N12),0)) | N13: =IF($C13="","",IF($D13="매수",$M13+$E13*$F13+$G13,$M13-IF($K13=0,0,$M13/$K13)*MIN($E13,$K13))) | O13: =IF($C13="","",IF($L13=0,0,$N13/$L13)) | P13: =IF($C13="","",IF($D13="매수",0,MIN($E13,$K13)*$F13-IF($K13=0,0,$M13/$K13)*MIN($E13,$K13)-$G13))
K14: =IF($C14="","",IFERROR(LOOKUP(2,1/($C$4:$C13=$C14),$L$4:$L13),0)) | L14: =IF($C14="","",IF($D14="매수",$K14+$E14,MAX(0,$K14-$E14))) | M14: =IF($C14="","",IFERROR(LOOKUP(2,1/($C$4:$C13=$C14),$N$4:$N13),0)) | N14: =IF($C14="","",IF($D14="매수",$M14+$E14*$F14+$G14,$M14-IF($K14=0,0,$M14/$K14)*MIN($E14,$K14))) | O14: =IF($C14="","",IF($L14=0,0,$N14/$L14)) | P14: =IF($C14="","",IF($D14="매수",0,MIN($E14,$K14)*$F14-IF($K14=0,0,$M14/$K14)*MIN($E14,$K14)-$G14))
K15: =IF($C15="","",IFERROR(LOOKUP(2,1/($C$4:$C14=$C15),$L$4:$L14),0)) | L15: =IF($C15="","",IF($D15="매수",$K15+$E15,MAX(0,$K15-$E15))) | M15: =IF($C15="","",IFERROR(LOOKUP(2,1/($C$4:$C14=$C15),$N$4:$N14),0)) | N15: =IF($C15="","",IF($D15="매수",$M15+$E15*$F15+$G15,$M15-IF($K15=0,0,$M15/$K15)*MIN($E15,$K15))) | O15: =IF($C15="","",IF($L15=0,0,$N15/$L15)) | P15: =IF($C15="","",IF($D15="매수",0,MIN($E15,$K15)*$F15-IF($K15=0,0,$M15/$K15)*MIN($E15,$K15)-$G15))
K16: =IF($C16="","",IFERROR(LOOKUP(2,1/($C$4:$C15=$C16),$L$4:$L15),0)) | L16: =IF($C16="","",IF($D16="매수",$K16+$E16,MAX(0,$K16-$E16))) | M16: =IF($C16="","",IFERROR(LOOKUP(2,1/($C$4:$C15=$C16),$N$4:$N15),0)) | N16: =IF($C16="","",IF($D16="매수",$M16+$E16*$F16+$G16,$M16-IF($K16=0,0,$M16/$K16)*MIN($E16,$K16))) | O16: =IF($C16="","",IF($L16=0,0,$N16/$L16)) | P16: =IF($C16="","",IF($D16="매수",0,MIN($E16,$K16)*$F16-IF($K16=0,0,$M16/$K16)*MIN($E16,$K16)-$G16))
K17: =IF($C17="","",IFERROR(LOOKUP(2,1/($C$4:$C16=$C17),$L$4:$L16),0)) | L17: =IF($C17="","",IF($D17="매수",$K17+$E17,MAX(0,$K17-$E17))) | M17: =IF($C17="","",IFERROR(LOOKUP(2,1/($C$4:$C16=$C17),$N$4:$N16),0)) | N17: =IF($C17="","",IF($D17="매수",$M17+$E17*$F17+$G17,$M17-IF($K17=0,0,$M17/$K17)*MIN($E17,$K17))) | O17: =IF($C17="","",IF($L17=0,0,$N17/$L17)) | P17: =IF($C17="","",IF($D17="매수",0,MIN($E17,$K17)*$F17-IF($K17=0,0,$M17/$K17)*MIN($E17,$K17)-$G17))
K18: =IF($C18="","",IFERROR(LOOKUP(2,1/($C$4:$C17=$C18),$L$4:$L17),0)) | L18: =IF($C18="","",IF($D18="매수",$K18+$E18,MAX(0,$K18-$E18))) | M18: =IF($C18="","",IFERROR(LOOKUP(2,1/($C$4:$C17=$C18),$N$4:$N17),0)) | N18: =IF($C18="","",IF($D18="매수",$M18+$E18*$F18+$G18,$M18-IF($K18=0,0,$M18/$K18)*MIN($E18,$K18))) | O18: =IF($C18="","",IF($L18=0,0,$N18/$L18)) | P18: =IF($C18="","",IF($D18="매수",0,MIN($E18,$K18)*$F18-IF($K18=0,0,$M18/$K18)*MIN($E18,$K18)-$G18))
K19: =IF($C19="","",IFERROR(LOOKUP(2,1/($C$4:$C18=$C19),$L$4:$L18),0)) | L19: =IF($C19="","",IF($D19="매수",$K19+$E19,MAX(0,$K19-$E19))) | M19: =IF($C19="","",IFERROR(LOOKUP(2,1/($C$4:$C18=$C19),$N$4:$N18),0)) | N19: =IF($C19="","",IF($D19="매수",$M19+$E19*$F19+$G19,$M19-IF($K19=0,0,$M19/$K19)*MIN($E19,$K19))) | O19: =IF($C19="","",IF($L19=0,0,$N19/$L19)) | P19: =IF($C19="","",IF($D19="매수",0,MIN($E19,$K19)*$F19-IF($K19=0,0,$M19/$K19)*MIN($E19,$K19)-$G19))
K20: =IF($C20="","",IFERROR(LOOKUP(2,1/($C$4:$C19=$C20),$L$4:$L19),0)) | L20: =IF($C20="","",IF($D20="매수",$K20+$E20,MAX(0,$K20-$E20))) | M20: =IF($C20="","",IFERROR(LOOKUP(2,1/($C$4:$C19=$C20),$N$4:$N19),0)) | N20: =IF($C20="","",IF($D20="매수",$M20+$E20*$F20+$G20,$M20-IF($K20=0,0,$M20/$K20)*MIN($E20,$K20))) | O20: =IF($C20="","",IF($L20=0,0,$N20/$L20)) | P20: =IF($C20="","",IF($D20="매수",0,MIN($E20,$K20)*$F20-IF($K20=0,0,$M20/$K20)*MIN($E20,$K20)-$G20))
K21: =IF($C21="","",IFERROR(LOOKUP(2,1/($C$4:$C20=$C21),$L$4:$L20),0)) | L21: =IF($C21="","",IF($D21="매수",$K21+$E21,MAX(0,$K21-$E21))) | M21: =IF($C21="","",IFERROR(LOOKUP(2,1/($C$4:$C20=$C21),$N$4:$N20),0)) | N21: =IF($C21="","",IF($D21="매수",$M21+$E21*$F21+$G21,$M21-IF($K21=0,0,$M21/$K21)*MIN($E21,$K21))) | O21: =IF($C21="","",IF($L21=0,0,$N21/$L21)) | P21: =IF($C21="","",IF($D21="매수",0,MIN($E21,$K21)*$F21-IF($K21=0,0,$M21/$K21)*MIN($E21,$K21)-$G21))
K22: =IF($C22="","",IFERROR(LOOKUP(2,1/($C$4:$C21=$C22),$L$4:$L21),0)) | L22: =IF($C22="","",IF($D22="매수",$K22+$E22,MAX(0,$K22-$E22))) | M22: =IF($C22="","",IFERROR(LOOKUP(2,1/($C$4:$C21=$C22),$N$4:$N21),0)) | N22: =IF($C22="","",IF($D22="매수",$M22+$E22*$F22+$G22,$M22-IF($K22=0,0,$M22/$K22)*MIN($E22,$K22))) | O22: =IF($C22="","",IF($L22=0,0,$N22/$L22)) | P22: =IF($C22="","",IF($D22="매수",0,MIN($E22,$K22)*$F22-IF($K22=0,0,$M22/$K22)*MIN($E22,$K22)-$G22))
K23: =IF($C23="","",IFERROR(LOOKUP(2,1/($C$4:$C22=$C23),$L$4:$L22),0)) | L23: =IF($C23="","",IF($D23="매수",$K23+$E23,MAX(0,$K23-$E23))) | M23: =IF($C23="","",IFERROR(LOOKUP(2,1/($C$4:$C22=$C23),$N$4:$N22),0)) | N23: =IF($C23="","",IF($D23="매수",$M23+$E23*$F23+$G23,$M23-IF($K23=0,0,$M23/$K23)*MIN($E23,$K23))) | O23: =IF($C23="","",IF($L23=0,0,$N23/$L23)) | P23: =IF($C23="","",IF($D23="매수",0,MIN($E23,$K23)*$F23-IF($K23=0,0,$M23/$K23)*MIN($E23,$K23)-$G23))
... K253: =IF($C253="","",IFERROR(LOOKUP(2,1/($C$4:$C252=$C253),$L$4:$L252),0)) | L253: =IF($C253="","",IF($D253="매수",$K253+$E253,MAX(0,$K253-$E253))) | M253: =IF($C253="","",IFERROR(LOOKUP(2,1/($C$4:$C252=$C253),$N$4:$N252),0)) | N253: =IF($C253="","",IF($D253="매수",$M253+$E253*$F253+$G253,$M253-IF($K253=0,0,$M253/$K253)*MIN($E253,$K253))) | O253: =IF($C253="","",IF($L253=0,0,$N253/$L253)) | P253: =IF($C253="","",IF($D253="매수",0,MIN($E253,$K253)*$F253-IF($K253=0,0,$M253/$K253)*MIN($E253,$K253)-$G253))

Sheet 보유현황
A1: 보유현황
A2: 전부 자동 계산입니다. 종목정보에 등록한 순서대로 나옵니다.
A3: 총 매입금액 | B3: =SUM(J6:J65) | C3: 총 평가금액 | D3: =SUM(K6:K65) | E3: 평가손익 | F3: =D3-B3 | G3: 수익률 | H3: =IFERROR(F3/B3,"") | I3: 실현손익 | J3: =SUM(O6:O65)
A5: 티커 | B5: 종목명 | C5: 국가 | D5: 섹터 | E5: 통화 | F5: 보유수량 | G5: 평단(현지) | H5: 현재가(현지) | I5: 환율 | J5: 매입금액(원) | K5: 평가금액(원) | L5: 평가손익(원) | M5: 수익률 | N5: 비중 | O5: 실현손익(원) | P5: 비고
A6: =IF(종목정보!$A4="","",IF(종목정보!$A4="","",종목정보!$A4)) | B6: =IF(종목정보!$A4="","",IF(종목정보!$B4="","",종목정보!$B4)) | C6: =IF(종목정보!$A4="","",IF(종목정보!$C4="","",종목정보!$C4)) | D6: =IF(종목정보!$A4="","",IF(종목정보!$E4="","",종목정보!$E4)) | E6: =IF(종목정보!$A4="","",IF(종목정보!$D4="","",종목정보!$D4)) | F6: =IF(종목정보!$A4="","",IFERROR(LOOKUP(2,1/(거래입력!$C$4:$C$253=$A6),거래입력!$L$4:$L$253),0)) | G6: =IF(종목정보!$A4="","",IFERROR(LOOKUP(2,1/(거래입력!$C$4:$C$253=$A6),거래입력!$O$4:$O$253),0)) | H6: =IF(종목정보!$A4="","",IF(종목정보!$F4="","",종목정보!$F4)) | I6: =IF(종목정보!$A4="","",IFERROR(INDEX(설정!$B$8:$B$15,MATCH($E6,설정!$A$8:$A$15,0)),"")) | J6: =IF(종목정보!$A4="","",IFERROR($F6*$G6*$I6,0)) | K6: =IF(종목정보!$A4="","",IFERROR(IF($H6="",$J6,$F6*$H6*$I6),0)) | L6: =IF(종목정보!$A4="","",IF($H6="","",$K6-$J6)) | M6: =IF(종목정보!$A4="","",IFERROR($L6/$J6,"")) | N6: =IF(종목정보!$A4="","",IFERROR($K6/보유현황!$D$3,0)) | O6: =IF(종목정보!$A4="","",IFERROR(SUMIFS(거래입력!$P$4:$P$253,거래입력!$C$4:$C$253,$A6)*$I6,0)) | P6: =IF(종목정보!$A4="","",IF($I6="","설정 시트에 환율을 넣으세요",IF($F6=0,"보유 없음",IF($H6="","시세 없음 - 매입가로 계산",""))))
A7: =IF(종목정보!$A5="","",IF(종목정보!$A5="","",종목정보!$A5)) | B7: =IF(종목정보!$A5="","",IF(종목정보!$B5="","",종목정보!$B5)) | C7: =IF(종목정보!$A5="","",IF(종목정보!$C5="","",종목정보!$C5)) | D7: =IF(종목정보!$A5="","",IF(종목정보!$E5="","",종목정보!$E5)) | E7: =IF(종목정보!$A5="","",IF(종목정보!$D5="","",종목정보!$D5)) | F7: =IF(종목정보!$A5="","",IFERROR(LOOKUP(2,1/(거래입력!$C$4:$C$253=$A7),거래입력!$L$4:$L$253),0)) | G7: =IF(종목정보!$A5="","",IFERROR(LOOKUP(2,1/(거래입력!$C$4:$C$253=$A7),거래입력!$O$4:$O$253),0)) | H7: =IF(종목정보!$A5="","",IF(종목정보!$F5="","",종목정보!$F5)) | I7: =IF(종목정보!$A5="","",IFERROR(INDEX(설정!$B$8:$B$15,MATCH($E7,설정!$A$8:$A$15,0)),"")) | J7: =IF(종목정보!$A5="","",IFERROR($F7*$G7*$I7,0)) | K7: =IF(종목정보!$A5="","",IFERROR(IF($H7="",$J7,$F7*$H7*$I7),0)) | L7: =IF(종목정보!$A5="","",IF($H7="","",$K7-$J7)) | M7: =IF(종목정보!$A5="","",IFERROR($L7/$J7,"")) | N7: =IF(종목정보!$A5="","",IFERROR($K7/보유현황!$D$3,0)) | O7: =IF(종목정보!$A5="","",IFERROR(SUMIFS(거래입력!$P$4:$P$253,거래입력!$C$4:$C$253,$A7)*$I7,0)) | P7: =IF(종목정보!$A5="","",IF($I7="","설정 시트에 환율을 넣으세요",IF($F7=0,"보유 없음",IF($H7="","시세 없음 - 매입가로 계산",""))))
A8: =IF(종목정보!$A6="","",IF(종목정보!$A6="","",종목정보!$A6)) | B8: =IF(종목정보!$A6="","",IF(종목정보!$B6="","",종목정보!$B6)) | C8: =IF(종목정보!$A6="","",IF(종목정보!$C6="","",종목정보!$C6)) | D8: =IF(종목정보!$A6="","",IF(종목정보!$E6="","",종목정보!$E6)) | E8: =IF(종목정보!$A6="","",IF(종목정보!$D6="","",종목정보!$D6)) | F8: =IF(종목정보!$A6="","",IFERROR(LOOKUP(2,1/(거래입력!$C$4:$C$253=$A8),거래입력!$L$4:$L$253),0)) | G8: =IF(종목정보!$A6="","",IFERROR(LOOKUP(2,1/(거래입력!$C$4:$C$253=$A8),거래입력!$O$4:$O$253),0)) | H8: =IF(종목정보!$A6="","",IF(종목정보!$F6="","",종목정보!$F6)) | I8: =IF(종목정보!$A6="","",IFERROR(INDEX(설정!$B$8:$B$15,MATCH($E8,설정!$A$8:$A$15,0)),"")) | J8: =IF(종목정보!$A6="","",IFERROR($F8*$G8*$I8,0)) | K8: =IF(종목정보!$A6="","",IFERROR(IF($H8="",$J8,$F8*$H8*$I8),0)) | L8: =IF(종목정보!$A6="","",IF($H8="","",$K8-$J8)) | M8: =IF(종목정보!$A6="","",IFERROR($L8/$J8,"")) | N8: =IF(종목정보!$A6="","",IFERROR($K8/보유현황!$D$3,0)) | O8: =IF(종목정보!$A6="","",IFERROR(SUMIFS(거래입력!$P$4:$P$253,거래입력!$C$4:$C$253,$A8)*$I8,0)) | P8: =IF(종목정보!$A6="","",IF($I8="","설정 시트에 환율을 넣으세요",IF($F8=0,"보유 없음",IF($H8="","시세 없음 - 매입가로 계산",""))))
A9: =IF(종목정보!$A7="","",IF(종목정보!$A7="","",종목정보!$A7)) | B9: =IF(종목정보!$A7="","",IF(종목정보!$B7="","",종목정보!$B7)) | C9: =IF(종목정보!$A7="","",IF(종목정보!$C7="","",종목정보!$C7)) | D9: =IF(종목정보!$A7="","",IF(종목정보!$E7="","",종목정보!$E7)) | E9: =IF(종목정보!$A7="","",IF(종목정보!$D7="","",종목정보!$D7)) | F9: =IF(종목정보!$A7="","",IFERROR(LOOKUP(2,1/(거래입력!$C$4:$C$253=$A9),거래입력!$L$4:$L$253),0)) | G9: =IF(종목정보!$A7="","",IFERROR(LOOKUP(2,1/(거래입력!$C$4:$C$253=$A9),거래입력!$O$4:$O$253),0)) | H9: =IF(종목정보!$A7="","",IF(종목정보!$F7="","",종목정보!$F7)) | I9: =IF(종목정보!$A7="","",IFERROR(INDEX(설정!$B$8:$B$15,MATCH($E9,설정!$A$8:$A$15,0)),"")) | J9: =IF(종목정보!$A7="","",IFERROR($F9*$G9*$I9,0)) | K9: =IF(종목정보!$A7="","",IFERROR(IF($H9="",$J9,$F9*$H9*$I9),0)) | L9: =IF(종목정보!$A7="","",IF($H9="","",$K9-$J9)) | M9: =IF(종목정보!$A7="","",IFERROR($L9/$J9,"")) | N9: =IF(종목정보!$A7="","",IFERROR($K9/보유현황!$D$3,0)) | O9: =IF(종목정보!$A7="","",IFERROR(SUMIFS(거래입력!$P$4:$P$253,거래입력!$C$4:$C$253,$A9)*$I9,0)) | P9: =IF(종목정보!$A7="","",IF($I9="","설정 시트에 환율을 넣으세요",IF($F9=0,"보유 없음",IF($H9="","시세 없음 - 매입가로 계산",""))))
A10: =IF(종목정보!$A8="","",IF(종목정보!$A8="","",종목정보!$A8)) | B10: =IF(종목정보!$A8="","",IF(종목정보!$B8="","",종목정보!$B8)) | C10: =IF(종목정보!$A8="","",IF(종목정보!$C8="","",종목정보!$C8)) | D10: =IF(종목정보!$A8="","",IF(종목정보!$E8="","",종목정보!$E8)) | E10: =IF(종목정보!$A8="","",IF(종목정보!$D8="","",종목정보!$D8)) | F10: =IF(종목정보!$A8="","",IFERROR(LOOKUP(2,1/(거래입력!$C$4:$C$253=$A10),거래입력!$L$4:$L$253),0)) | G10: =IF(종목정보!$A8="","",IFERROR(LOOKUP(2,1/(거래입력!$C$4:$C$253=$A10),거래입력!$O$4:$O$253),0)) | H10: =IF(종목정보!$A8="","",IF(종목정보!$F8="","",종목정보!$F8)) | I10: =IF(종목정보!$A8="","",IFERROR(INDEX(설정!$B$8:$B$15,MATCH($E10,설정!$A$8:$A$15,0)),"")) | J10: =IF(종목정보!$A8="","",IFERROR($F10*$G10*$I10,0)) | K10: =IF(종목정보!$A8="","",IFERROR(IF($H10="",$J10,$F10*$H10*$I10),0)) | L10: =IF(종목정보!$A8="","",IF($H10="","",$K10-$J10)) | M10: =IF(종목정보!$A8="","",IFERROR($L10/$J10,"")) | N10: =IF(종목정보!$A8="","",IFERROR($K10/보유현황!$D$3,0)) | O10: =IF(종목정보!$A8="","",IFERROR(SUMIFS(거래입력!$P$4:$P$253,거래입력!$C$4:$C$253,$A10)*$I10,0)) | P10: =IF(종목정보!$A8="","",IF($I10="","설정 시트에 환율을 넣으세요",IF($F10=0,"보유 없음",IF($H10="","시세 없음 - 매입가로 계산",""))))
A11: =IF(종목정보!$A9="","",IF(종목정보!$A9="","",종목정보!$A9)) | B11: =IF(종목정보!$A9="","",IF(종목정보!$B9="","",종목정보!$B9)) | C11: =IF(종목정보!$A9="","",IF(종목정보!$C9="","",종목정보!$C9)) | D11: =IF(종목정보!$A9="","",IF(종목정보!$E9="","",종목정보!$E9)) | E11: =IF(종목정보!$A9="","",IF(종목정보!$D9="","",종목정보!$D9)) | F11: =IF(종목정보!$A9="","",IFERROR(LOOKUP(2,1/(거래입력!$C$4:$C$253=$A11),거래입력!$L$4:$L$253),0)) | G11: =IF(종목정보!$A9="","",IFERROR(LOOKUP(2,1/(거래입력!$C$4:$C$253=$A11),거래입력!$O$4:$O$253),0)) | H11: =IF(종목정보!$A9="","",IF(종목정보!$F9="","",종목정보!$F9)) | I11: =IF(종목정보!$A9="","",IFERROR(INDEX(설정!$B$8:$B$15,MATCH($E11,설정!$A$8:$A$15,0)),"")) | J11: =IF(종목정보!$A9="","",IFERROR($F11*$G11*$I11,0)) | K11: =IF(종목정보!$A9="","",IFERROR(IF($H11="",$J11,$F11*$H11*$I11),0)) | L11: =IF(종목정보!$A9="","",IF($H11="","",$K11-$J11)) | M11: =IF(종목정보!$A9="","",IFERROR($L11/$J11,"")) | N11: =IF(종목정보!$A9="","",IFERROR($K11/보유현황!$D$3,0)) | O11: =IF(종목정보!$A9="","",IFERROR(SUMIFS(거래입력!$P$4:$P$253,거래입력!$C$4:$C$253,$A11)*$I11,0)) | P11: =IF(종목정보!$A9="","",IF($I11="","설정 시트에 환율을 넣으세요",IF($F11=0,"보유 없음",IF($H11="","시세 없음 - 매입가로 계산",""))))
A12: =IF(종목정보!$A10="","",IF(종목정보!$A10="","",종목정보!$A10)) | B12: =IF(종목정보!$A10="","",IF(종목정보!$B10="","",종목정보!$B10)) | C12: =IF(종목정보!$A10="","",IF(종목정보!$C10="","",종목정보!$C10)) | D12: =IF(종목정보!$A10="","",IF(종목정보!$E10="","",종목정보!$E10)) | E12: =IF(종목정보!$A10="","",IF(종목정보!$D10="","",종목정보!$D10)) | F12: =IF(종목정보!$A10="","",IFERROR(LOOKUP(2,1/(거래입력!$C$4:$C$253=$A12),거래입력!$L$4:$L$253),0)) | G12: =IF(종목정보!$A10="","",IFERROR(LOOKUP(2,1/(거래입력!$C$4:$C$253=$A12),거래입력!$O$4:$O$253),0)) | H12: =IF(종목정보!$A10="","",IF(종목정보!$F10="","",종목정보!$F10)) | I12: =IF(종목정보!$A10="","",IFERROR(INDEX(설정!$B$8:$B$15,MATCH($E12,설정!$A$8:$A$15,0)),"")) | J12: =IF(종목정보!$A10="","",IFERROR($F12*$G12*$I12,0)) | K12: =IF(종목정보!$A10="","",IFERROR(IF($H12="",$J12,$F12*$H12*$I12),0)) | L12: =IF(종목정보!$A10="","",IF($H12="","",$K12-$J12)) | M12: =IF(종목정보!$A10="","",IFERROR($L12/$J12,"")) | N12: =IF(종목정보!$A10="","",IFERROR($K12/보유현황!$D$3,0)) | O12: =IF(종목정보!$A10="","",IFERROR(SUMIFS(거래입력!$P$4:$P$253,거래입력!$C$4:$C$253,$A12)*$I12,0)) | P12: =IF(종목정보!$A10="","",IF($I12="","설정 시트에 환율을 넣으세요",IF($F12=0,"보유 없음",IF($H12="","시세 없음 - 매입가로 계산",""))))
A13: =IF(종목정보!$A11="","",IF(종목정보!$A11="","",종목정보!$A11)) | B13: =IF(종목정보!$A11="","",IF(종목정보!$B11="","",종목정보!$B11)) | C13: =IF(종목정보!$A11="","",IF(종목정보!$C11="","",종목정보!$C11)) | D13: =IF(종목정보!$A11="","",IF(종목정보!$E11="","",종목정보!$E11)) | E13: =IF(종목정보!$A11="","",IF(종목정보!$D11="","",종목정보!$D11)) | F13: =IF(종목정보!$A11="","",IFERROR(LOOKUP(2,1/(거래입력!$C$4:$C$253=$A13),거래입력!$L$4:$L$253),0)) | G13: =IF(종목정보!$A11="","",IFERROR(LOOKUP(2,1/(거래입력!$C$4:$C$253=$A13),거래입력!$O$4:$O$253),0)) | H13: =IF(종목정보!$A11="","",IF(종목정보!$F11="","",종목정보!$F11)) | I13: =IF(종목정보!$A11="","",IFERROR(INDEX(설정!$B$8:$B$15,MATCH($E13,설정!$A$8:$A$15,0)),"")) | J13: =IF(종목정보!$A11="","",IFERROR($F13*$G13*$I13,0)) | K13: =IF(종목정보!$A11="","",IFERROR(IF($H13="",$J13,$F13*$H13*$I13),0)) | L13: =IF(종목정보!$A11="","",IF($H13="","",$K13-$J13)) | M13: =IF(종목정보!$A11="","",IFERROR($L13/$J13,"")) | N13: =IF(종목정보!$A11="","",IFERROR($K13/보유현황!$D$3,0)) | O13: =IF(종목정보!$A11="","",IFERROR(SUMIFS(거래입력!$P$4:$P$253,거래입력!$C$4:$C$253,$A13)*$I13,0)) | P13: =IF(종목정보!$A11="","",IF($I13="","설정 시트에 환율을 넣으세요",IF($F13=0,"보유 없음",IF($H13="","시세 없음 - 매입가로 계산",""))))
A14: =IF(종목정보!$A12="","",IF(종목정보!$A12="","",종목정보!$A12)) | B14: =IF(종목정보!$A12="","",IF(종목정보!$B12="","",종목정보!$B12)) | C14: =IF(종목정보!$A12="","",IF(종목정보!$C12="","",종목정보!$C12)) | D14: =IF(종목정보!$A12="","",IF(종목정보!$E12="","",종목정보!$E12)) | E14: =IF(종목정보!$A12="","",IF(종목정보!$D12="","",종목정보!$D12)) | F14: =IF(종목정보!$A12="","",IFERROR(LOOKUP(2,1/(거래입력!$C$4:$C$253=$A14),거래입력!$L$4:$L$253),0)) | G14: =IF(종목정보!$A12="","",IFERROR(LOOKUP(2,1/(거래입력!$C$4:$C$253=$A14),거래입력!$O$4:$O$253),0)) | H14: =IF(종목정보!$A12="","",IF(종목정보!$F12="","",종목정보!$F12)) | I14: =IF(종목정보!$A12="","",IFERROR(INDEX(설정!$B$8:$B$15,MATCH($E14,설정!$A$8:$A$15,0)),"")) | J14: =IF(종목정보!$A12="","",IFERROR($F14*$G14*$I14,0)) | K14: =IF(종목정보!$A12="","",IFERROR(IF($H14="",$J14,$F14*$H14*$I14),0)) | L14: =IF(종목정보!$A12="","",IF($H14="","",$K14-$J14)) | M14: =IF(종목정보!$A12="","",IFERROR($L14/$J14,"")) | N14: =IF(종목정보!$A12="","",IFERROR($K14/보유현황!$D$3,0)) | O14: =IF(종목정보!$A12="","",IFERROR(SUMIFS(거래입력!$P$4:$P$253,거래입력!$C$4:$C$253,$A14)*$I14,0)) | P14: =IF(종목정보!$A12="","",IF($I14="","설정 시트에 환율을 넣으세요",IF($F14=0,"보유 없음",IF($H14="","시세 없음 - 매입가로 계산",""))))
A15: =IF(종목정보!$A13="","",IF(종목정보!$A13="","",종목정보!$A13)) | B15: =IF(종목정보!$A13="","",IF(종목정보!$B13="","",종목정보!$B13)) | C15: =IF(종목정보!$A13="","",IF(종목정보!$C13="","",종목정보!$C13)) | D15: =IF(종목정보!$A13="","",IF(종목정보!$E13="","",종목정보!$E13)) | E15: =IF(종목정보!$A13="","",IF(종목정보!$D13="","",종목정보!$D13)) | F15: =IF(종목정보!$A13="","",IFERROR(LOOKUP(2,1/(거래입력!$C$4:$C$253=$A15),거래입력!$L$4:$L$253),0)) | G15: =IF(종목정보!$A13="","",IFERROR(LOOKUP(2,1/(거래입력!$C$4:$C$253=$A15),거래입력!$O$4:$O$253),0)) | H15: =IF(종목정보!$A13="","",IF(종목정보!$F13="","",종목정보!$F13)) | I15: =IF(종목정보!$A13="","",IFERROR(INDEX(설정!$B$8:$B$15,MATCH($E15,설정!$A$8:$A$15,0)),"")) | J15: =IF(종목정보!$A13="","",IFERROR($F15*$G15*$I15,0)) | K15: =IF(종목정보!$A13="","",IFERROR(IF($H15="",$J15,$F15*$H15*$I15),0)) | L15: =IF(종목정보!$A13="","",IF($H15="","",$K15-$J15)) | M15: =IF(종목정보!$A13="","",IFERROR($L15/$J15,"")) | N15: =IF(종목정보!$A13="","",IFERROR($K15/보유현황!$D$3,0)) | O15: =IF(종목정보!$A13="","",IFERROR(SUMIFS(거래입력!$P$4:$P$253,거래입력!$C$4:$C$253,$A15)*$I15,0)) | P15: =IF(종목정보!$A13="","",IF($I15="","설정 시트에 환율을 넣으세요",IF($F15=0,"보유 없음",IF($H15="","시세 없음 - 매입가로 계산",""))))
A16: =IF(종목정보!$A14="","",IF(종목정보!$A14="","",종목정보!$A14)) | B16: =IF(종목정보!$A14="","",IF(종목정보!$B14="","",종목정보!$B14)) | C16: =IF(종목정보!$A14="","",IF(종목정보!$C14="","",종목정보!$C14)) | D16: =IF(종목정보!$A14="","",IF(종목정보!$E14="","",종목정보!$E14)) | E16: =IF(종목정보!$A14="","",IF(종목정보!$D14="","",종목정보!$D14)) | F16: =IF(종목정보!$A14="","",IFERROR(LOOKUP(2,1/(거래입력!$C$4:$C$253=$A16),거래입력!$L$4:$L$253),0)) | G16: =IF(종목정보!$A14="","",IFERROR(LOOKUP(2,1/(거래입력!$C$4:$C$253=$A16),거래입력!$O$4:$O$253),0)) | H16: =IF(종목정보!$A14="","",IF(종목정보!$F14="","",종목정보!$F14)) | I16: =IF(종목정보!$A14="","",IFERROR(INDEX(설정!$B$8:$B$15,MATCH($E16,설정!$A$8:$A$15,0)),"")) | J16: =IF(종목정보!$A14="","",IFERROR($F16*$G16*$I16,0)) | K16: =IF(종목정보!$A14="","",IFERROR(IF($H16="",$J16,$F16*$H16*$I16),0)) | L16: =IF(종목정보!$A14="","",IF($H16="","",$K16-$J16)) | M16: =IF(종목정보!$A14="","",IFERROR($L16/$J16,"")) | N16: =IF(종목정보!$A14="","",IFERROR($K16/보유현황!$D$3,0)) | O16: =IF(종목정보!$A14="","",IFERROR(SUMIFS(거래입력!$P$4:$P$253,거래입력!$C$4:$C$253,$A16)*$I16,0)) | P16: =IF(종목정보!$A14="","",IF($I16="","설정 시트에 환율을 넣으세요",IF($F16=0,"보유 없음",IF($H16="","시세 없음 - 매입가로 계산",""))))
A17: =IF(종목정보!$A15="","",IF(종목정보!$A15="","",종목정보!$A15)) | B17: =IF(종목정보!$A15="","",IF(종목정보!$B15="","",종목정보!$B15)) | C17: =IF(종목정보!$A15="","",IF(종목정보!$C15="","",종목정보!$C15)) | D17: =IF(종목정보!$A15="","",IF(종목정보!$E15="","",종목정보!$E15)) | E17: =IF(종목정보!$A15="","",IF(종목정보!$D15="","",종목정보!$D15)) | F17: =IF(종목정보!$A15="","",IFERROR(LOOKUP(2,1/(거래입력!$C$4:$C$253=$A17),거래입력!$L$4:$L$253),0)) | G17: =IF(종목정보!$A15="","",IFERROR(LOOKUP(2,1/(거래입력!$C$4:$C$253=$A17),거래입력!$O$4:$O$253),0)) | H17: =IF(종목정보!$A15="","",IF(종목정보!$F15="","",종목정보!$F15)) | I17: =IF(종목정보!$A15="","",IFERROR(INDEX(설정!$B$8:$B$15,MATCH($E17,설정!$A$8:$A$15,0)),"")) | J17: =IF(종목정보!$A15="","",IFERROR($F17*$G17*$I17,0)) | K17: =IF(종목정보!$A15="","",IFERROR(IF($H17="",$J17,$F17*$H17*$I17),0)) | L17: =IF(종목정보!$A15="","",IF($H17="","",$K17-$J17)) | M17: =IF(종목정보!$A15="","",IFERROR($L17/$J17,"")) | N17: =IF(종목정보!$A15="","",IFERROR($K17/보유현황!$D$3,0)) | O17: =IF(종목정보!$A15="","",IFERROR(SUMIFS(거래입력!$P$4:$P$253,거래입력!$C$4:$C$253,$A17)*$I17,0)) | P17: =IF(종목정보!$A15="","",IF($I17="","설정 시트에 환율을 넣으세요",IF($F17=0,"보유 없음",IF($H17="","시세 없음 - 매입가로 계산",""))))
... A65: =IF(종목정보!$A63="","",IF(종목정보!$A63="","",종목정보!$A63)) | B65: =IF(종목정보!$A63="","",IF(종목정보!$B63="","",종목정보!$B63)) | C65: =IF(종목정보!$A63="","",IF(종목정보!$C63="","",종목정보!$C63)) | D65: =IF(종목정보!$A63="","",IF(종목정보!$E63="","",종목정보!$E63)) | E65: =IF(종목정보!$A63="","",IF(종목정보!$D63="","",종목정보!$D63)) | F65: =IF(종목정보!$A63="","",IFERROR(LOOKUP(2,1/(거래입력!$C$4:$C$253=$A65),거래입력!$L$4:$L$253),0)) | G65: =IF(종목정보!$A63="","",IFERROR(LOOKUP(2,1/(거래입력!$C$4:$C$253=$A65),거래입력!$O$4:$O$253),0)) | H65: =IF(종목정보!$A63="","",IF(종목정보!$F63="","",종목정보!$F63)) | I65: =IF(종목정보!$A63="","",IFERROR(INDEX(설정!$B$8:$B$15,MATCH($E65,설정!$A$8:$A$15,0)),"")) | J65: =IF(종목정보!$A63="","",IFERROR($F65*$G65*$I65,0)) | K65: =IF(종목정보!$A63="","",IFERROR(IF($H65="",$J65,$F65*$H65*$I65),0)) | L65: =IF(종목정보!$A63="","",IF($H65="","",$K65-$J65)) | M65: =IF(종목정보!$A63="","",IFERROR($L65/$J65,"")) | N65: =IF(종목정보!$A63="","",IFERROR($K65/보유현황!$D$3,0)) | O65: =IF(종목정보!$A63="","",IFERROR(SUMIFS(거래입력!$P$4:$P$253,거래입력!$C$4:$C$253,$A65)*$I65,0)) | P65: =IF(종목정보!$A63="","",IF($I65="","설정 시트에 환율을 넣으세요",IF($F65=0,"보유 없음",IF($H65="","시세 없음 - 매입가로 계산",""))))

Sheet 국가별
A1: 국가별
A2: 국가별 비중과 목표. 노란 칸(항목·목표 비중)만 고치세요.
A3: 항목 | B3: 평가금액(원) | C3: 현재 비중 | D3: 목표 비중 | E3: 차이 | F3: 판정 | G3: 조정 금액(원) | H3: 메모
A4: KR | B4: =IF($A4="","",SUMIFS(보유현황!$K$6:$K$65,보유현황!$C$6:$C$65,$A4)) | C4: =IF($A4="","",IFERROR($B4/보유현황!$D$3,0)) | D4: 0.5 | E4: =IF($A4="","",IF($D4="","",$C4-$D4)) | F4: =IF($A4="","",IF($D4="","목표 없음",IF($C4>$D4+설정!$B$21,"비중 많음",IF($C4<$D4-설정!$B$21,"비중 적음","적정")))) | G4: =IF($A4="","",IF($D4="","",-$E4*보유현황!$D$3)) | H4: 한국
A5: US | B5: =IF($A5="","",SUMIFS(보유현황!$K$6:$K$65,보유현황!$C$6:$C$65,$A5)) | C5: =IF($A5="","",IFERROR($B5/보유현황!$D$3,0)) | D5: 0.5 | E5: =IF($A5="","",IF($D5="","",$C5-$D5)) | F5: =IF($A5="","",IF($D5="","목표 없음",IF($C5>$D5+설정!$B$21,"비중 많음",IF($C5<$D5-설정!$B$21,"비중 적음","적정")))) | G5: =IF($A5="","",IF($D5="","",-$E5*보유현황!$D$3)) | H5: 미국
A6: VN | B6: =IF($A6="","",SUMIFS(보유현황!$K$6:$K$65,보유현황!$C$6:$C$65,$A6)) | C6: =IF($A6="","",IFERROR($B6/보유현황!$D$3,0)) | E6: =IF($A6="","",IF($D6="","",$C6-$D6)) | F6: =IF($A6="","",IF($D6="","목표 없음",IF($C6>$D6+설정!$B$21,"비중 많음",IF($C6<$D6-설정!$B$21,"비중 적음","적정")))) | G6: =IF($A6="","",IF($D6="","",-$E6*보유현황!$D$3)) | H6: 베트남 - 목표를 넣으면 판정합니다
B7: =IF($A7="","",SUMIFS(보유현황!$K$6:$K$65,보유현황!$C$6:$C$65,$A7)) | C7: =IF($A7="","",IFERROR($B7/보유현황!$D$3,0)) | E7: =IF($A7="","",IF($D7="","",$C7-$D7)) | F7: =IF($A7="","",IF($D7="","목표 없음",IF($C7>$D7+설정!$B$21,"비중 많음",IF($C7<$D7-설정!$B$21,"비중 적음","적정")))) | G7: =IF($A7="","",IF($D7="","",-$E7*보유현황!$D$3))
B8: =IF($A8="","",SUMIFS(보유현황!$K$6:$K$65,보유현황!$C$6:$C$65,$A8)) | C8: =IF($A8="","",IFERROR($B8/보유현황!$D$3,0)) | E8: =IF($A8="","",IF($D8="","",$C8-$D8)) | F8: =IF($A8="","",IF($D8="","목표 없음",IF($C8>$D8+설정!$B$21,"비중 많음",IF($C8<$D8-설정!$B$21,"비중 적음","적정")))) | G8: =IF($A8="","",IF($D8="","",-$E8*보유현황!$D$3))
B9: =IF($A9="","",SUMIFS(보유현황!$K$6:$K$65,보유현황!$C$6:$C$65,$A9)) | C9: =IF($A9="","",IFERROR($B9/보유현황!$D$3,0)) | E9: =IF($A9="","",IF($D9="","",$C9-$D9)) | F9: =IF($A9="","",IF($D9="","목표 없음",IF($C9>$D9+설정!$B$21,"비중 많음",IF($C9<$D9-설정!$B$21,"비중 적음","적정")))) | G9: =IF($A9="","",IF($D9="","",-$E9*보유현황!$D$3))
B10: =IF($A10="","",SUMIFS(보유현황!$K$6:$K$65,보유현황!$C$6:$C$65,$A10)) | C10: =IF($A10="","",IFERROR($B10/보유현황!$D$3,0)) | E10: =IF($A10="","",IF($D10="","",$C10-$D10)) | F10: =IF($A10="","",IF($D10="","목표 없음",IF($C10>$D10+설정!$B$21,"비중 많음",IF($C10<$D10-설정!$B$21,"비중 적음","적정")))) | G10: =IF($A10="","",IF($D10="","",-$E10*보유현황!$D$3))
B11: =IF($A11="","",SUMIFS(보유현황!$K$6:$K$65,보유현황!$C$6:$C$65,$A11)) | C11: =IF($A11="","",IFERROR($B11/보유현황!$D$3,0)) | E11: =IF($A11="","",IF($D11="","",$C11-$D11)) | F11: =IF($A11="","",IF($D11="","목표 없음",IF($C11>$D11+설정!$B$21,"비중 많음",IF($C11<$D11-설정!$B$21,"비중 적음","적정")))) | G11: =IF($A11="","",IF($D11="","",-$E11*보유현황!$D$3))
B12: =IF($A12="","",SUMIFS(보유현황!$K$6:$K$65,보유현황!$C$6:$C$65,$A12)) | C12: =IF($A12="","",IFERROR($B12/보유현황!$D$3,0)) | E12: =IF($A12="","",IF($D12="","",$C12-$D12)) | F12: =IF($A12="","",IF($D12="","목표 없음",IF($C12>$D12+설정!$B$21,"비중 많음",IF($C12<$D12-설정!$B$21,"비중 적음","적정")))) | G12: =IF($A12="","",IF($D12="","",-$E12*보유현황!$D$3))
B13: =IF($A13="","",SUMIFS(보유현황!$K$6:$K$65,보유현황!$C$6:$C$65,$A13)) | C13: =IF($A13="","",IFERROR($B13/보유현황!$D$3,0)) | E13: =IF($A13="","",IF($D13="","",$C13-$D13)) | F13: =IF($A13="","",IF($D13="","목표 없음",IF($C13>$D13+설정!$B$21,"비중 많음",IF($C13<$D13-설정!$B$21,"비중 적음","적정")))) | G13: =IF($A13="","",IF($D13="","",-$E13*보유현황!$D$3))
B14: =IF($A14="","",SUMIFS(보유현황!$K$6:$K$65,보유현황!$C$6:$C$65,$A14)) | C14: =IF($A14="","",IFERROR($B14/보유현황!$D$3,0)) | E14: =IF($A14="","",IF($D14="","",$C14-$D14)) | F14: =IF($A14="","",IF($D14="","목표 없음",IF($C14>$D14+설정!$B$21,"비중 많음",IF($C14<$D14-설정!$B$21,"비중 적음","적정")))) | G14: =IF($A14="","",IF($D14="","",-$E14*보유현황!$D$3))
B15: =IF($A15="","",SUMIFS(보유현황!$K$6:$K$65,보유현황!$C$6:$C$65,$A15)) | C15: =IF($A15="","",IFERROR($B15/보유현황!$D$3,0)) | E15: =IF($A15="","",IF($D15="","",$C15-$D15)) | F15: =IF($A15="","",IF($D15="","목표 없음",IF($C15>$D15+설정!$B$21,"비중 많음",IF($C15<$D15-설정!$B$21,"비중 적음","적정")))) | G15: =IF($A15="","",IF($D15="","",-$E15*보유현황!$D$3))
B16: =IF($A16="","",SUMIFS(보유현황!$K$6:$K$65,보유현황!$C$6:$C$65,$A16)) | C16: =IF($A16="","",IFERROR($B16/보유현황!$D$3,0)) | E16: =IF($A16="","",IF($D16="","",$C16-$D16)) | F16: =IF($A16="","",IF($D16="","목표 없음",IF($C16>$D16+설정!$B$21,"비중 많음",IF($C16<$D16-설정!$B$21,"비중 적음","적정")))) | G16: =IF($A16="","",IF($D16="","",-$E16*보유현황!$D$3))
B17: =IF($A17="","",SUMIFS(보유현황!$K$6:$K$65,보유현황!$C$6:$C$65,$A17)) | C17: =IF($A17="","",IFERROR($B17/보유현황!$D$3,0)) | E17: =IF($A17="","",IF($D17="","",$C17-$D17)) | F17: =IF($A17="","",IF($D17="","목표 없음",IF($C17>$D17+설정!$B$21,"비중 많음",IF($C17<$D17-설정!$B$21,"비중 적음","적정")))) | G17: =IF($A17="","",IF($D17="","",-$E17*보유현황!$D$3))
B18: =IF($A18="","",SUMIFS(보유현황!$K$6:$K$65,보유현황!$C$6:$C$65,$A18)) | C18: =IF($A18="","",IFERROR($B18/보유현황!$D$3,0)) | E18: =IF($A18="","",IF($D18="","",$C18-$D18)) | F18: =IF($A18="","",IF($D18="","목표 없음",IF($C18>$D18+설정!$B$21,"비중 많음",IF($C18<$D18-설정!$B$21,"비중 적음","적정")))) | G18: =IF($A18="","",IF($D18="","",-$E18*보유현황!$D$3))
... B23: =IF($A23="","",SUMIFS(보유현황!$K$6:$K$65,보유현황!$C$6:$C$65,$A23)) | C23: =IF($A23="","",IFERROR($B23/보유현황!$D$3,0)) | E23: =IF($A23="","",IF($D23="","",$C23-$D23)) | F23: =IF($A23="","",IF($D23="","목표 없음",IF($C23>$D23+설정!$B$21,"비중 많음",IF($C23<$D23-설정!$B$21,"비중 적음","적정")))) | G23: =IF($A23="","",IF($D23="","",-$E23*보유현황!$D$3))
A24: 합계 | B24: =SUM(B4:B23) | C24: =SUM(C4:C23) | D24: =SUM(D4:D23)
A26: 조정 금액: + 는 더 사야 할 금액, − 는 팔아야 할 금액입니다.
A27: 아직 안 가진 항목도 적어두면 "비중 적음" 으로 잡아줍니다. (예: 미국 주식이 하나도 없을 때)

Sheet 섹터별
A1: 섹터별
A2: 섹터별 비중과 목표. 섹터 이름은 종목정보 시트에 적은 것과 똑같이 쓰세요.
A3: 항목 | B3: 평가금액(원) | C3: 현재 비중 | D3: 목표 비중 | E3: 차이 | F3: 판정 | G3: 조정 금액(원) | H3: 메모
A4: 반도체 | B4: =IF($A4="","",SUMIFS(보유현황!$K$6:$K$65,보유현황!$D$6:$D$65,$A4)) | C4: =IF($A4="","",IFERROR($B4/보유현황!$D$3,0)) | D4: 0.3 | E4: =IF($A4="","",IF($D4="","",$C4-$D4)) | F4: =IF($A4="","",IF($D4="","목표 없음",IF($C4>$D4+설정!$B$22,"비중 많음",IF($C4<$D4-설정!$B$22,"비중 적음","적정")))) | G4: =IF($A4="","",IF($D4="","",-$E4*보유현황!$D$3))
A5: IT하드웨어 | B5: =IF($A5="","",SUMIFS(보유현황!$K$6:$K$65,보유현황!$D$6:$D$65,$A5)) | C5: =IF($A5="","",IFERROR($B5/보유현황!$D$3,0)) | D5: 0.2 | E5: =IF($A5="","",IF($D5="","",$C5-$D5)) | F5: =IF($A5="","",IF($D5="","목표 없음",IF($C5>$D5+설정!$B$22,"비중 많음",IF($C5<$D5-설정!$B$22,"비중 적음","적정")))) | G5: =IF($A5="","",IF($D5="","",-$E5*보유현황!$D$3))
A6: 소비재/클라우드 | B6: =IF($A6="","",SUMIFS(보유현황!$K$6:$K$65,보유현황!$D$6:$D$65,$A6)) | C6: =IF($A6="","",IFERROR($B6/보유현황!$D$3,0)) | D6: 0.15 | E6: =IF($A6="","",IF($D6="","",$C6-$D6)) | F6: =IF($A6="","",IF($D6="","목표 없음",IF($C6>$D6+설정!$B$22,"비중 많음",IF($C6<$D6-설정!$B$22,"비중 적음","적정")))) | G6: =IF($A6="","",IF($D6="","",-$E6*보유현황!$D$3))
A7: 자동차 | B7: =IF($A7="","",SUMIFS(보유현황!$K$6:$K$65,보유현황!$D$6:$D$65,$A7)) | C7: =IF($A7="","",IFERROR($B7/보유현황!$D$3,0)) | D7: 0.15 | E7: =IF($A7="","",IF($D7="","",$C7-$D7)) | F7: =IF($A7="","",IF($D7="","목표 없음",IF($C7>$D7+설정!$B$22,"비중 많음",IF($C7<$D7-설정!$B$22,"비중 적음","적정")))) | G7: =IF($A7="","",IF($D7="","",-$E7*보유현황!$D$3))
A8: 2차전지 | B8: =IF($A8="","",SUMIFS(보유현황!$K$6:$K$65,보유현황!$D$6:$D$65,$A8)) | C8: =IF($A8="","",IFERROR($B8/보유현황!$D$3,0)) | D8: 0.1 | E8: =IF($A8="","",IF($D8="","",$C8-$D8)) | F8: =IF($A8="","",IF($D8="","목표 없음",IF($C8>$D8+설정!$B$22,"비중 많음",IF($C8<$D8-설정!$B$22,"비중 적음","적정")))) | G8: =IF($A8="","",IF($D8="","",-$E8*보유현황!$D$3))
A9: 지주/부동산 | B9: =IF($A9="","",SUMIFS(보유현황!$K$6:$K$65,보유현황!$D$6:$D$65,$A9)) | C9: =IF($A9="","",IFERROR($B9/보유현황!$D$3,0)) | D9: 0.1 | E9: =IF($A9="","",IF($D9="","",$C9-$D9)) | F9: =IF($A9="","",IF($D9="","목표 없음",IF($C9>$D9+설정!$B$22,"비중 많음",IF($C9<$D9-설정!$B$22,"비중 적음","적정")))) | G9: =IF($A9="","",IF($D9="","",-$E9*보유현황!$D$3))
B10: =IF($A10="","",SUMIFS(보유현황!$K$6:$K$65,보유현황!$D$6:$D$65,$A10)) | C10: =IF($A10="","",IFERROR($B10/보유현황!$D$3,0)) | E10: =IF($A10="","",IF($D10="","",$C10-$D10)) | F10: =IF($A10="","",IF($D10="","목표 없음",IF($C10>$D10+설정!$B$22,"비중 많음",IF($C10<$D10-설정!$B$22,"비중 적음","적정")))) | G10: =IF($A10="","",IF($D10="","",-$E10*보유현황!$D$3))
B11: =IF($A11="","",SUMIFS(보유현황!$K$6:$K$65,보유현황!$D$6:$D$65,$A11)) | C11: =IF($A11="","",IFERROR($B11/보유현황!$D$3,0)) | E11: =IF($A11="","",IF($D11="","",$C11-$D11)) | F11: =IF($A11="","",IF($D11="","목표 없음",IF($C11>$D11+설정!$B$22,"비중 많음",IF($C11<$D11-설정!$B$22,"비중 적음","적정")))) | G11: =IF($A11="","",IF($D11="","",-$E11*보유현황!$D$3))
B12: =IF($A12="","",SUMIFS(보유현황!$K$6:$K$65,보유현황!$D$6:$D$65,$A12)) | C12: =IF($A12="","",IFERROR($B12/보유현황!$D$3,0)) | E12: =IF($A12="","",IF($D12="","",$C12-$D12)) | F12: =IF($A12="","",IF($D12="","목표 없음",IF($C12>$D12+설정!$B$22,"비중 많음",IF($C12<$D12-설정!$B$22,"비중 적음","적정")))) | G12: =IF($A12="","",IF($D12="","",-$E12*보유현황!$D$3))
B13: =IF($A13="","",SUMIFS(보유현황!$K$6:$K$65,보유현황!$D$6:$D$65,$A13)) | C13: =IF($A13="","",IFERROR($B13/보유현황!$D$3,0)) | E13: =IF($A13="","",IF($D13="","",$C13-$D13)) | F13: =IF($A13="","",IF($D13="","목표 없음",IF($C13>$D13+설정!$B$22,"비중 많음",IF($C13<$D13-설정!$B$22,"비중 적음","적정")))) | G13: =IF($A13="","",IF($D13="","",-$E13*보유현황!$D$3))
B14: =IF($A14="","",SUMIFS(보유현황!$K$6:$K$65,보유현황!$D$6:$D$65,$A14)) | C14: =IF($A14="","",IFERROR($B14/보유현황!$D$3,0)) | E14: =IF($A14="","",IF($D14="","",$C14-$D14)) | F14: =IF($A14="","",IF($D14="","목표 없음",IF($C14>$D14+설정!$B$22,"비중 많음",IF($C14<$D14-설정!$B$22,"비중 적음","적정")))) | G14: =IF($A14="","",IF($D14="","",-$E14*보유현황!$D$3))
B15: =IF($A15="","",SUMIFS(보유현황!$K$6:$K$65,보유현황!$D$6:$D$65,$A15)) | C15: =IF($A15="","",IFERROR($B15/보유현황!$D$3,0)) | E15: =IF($A15="","",IF($D15="","",$C15-$D15)) | F15: =IF($A15="","",IF($D15="","목표 없음",IF($C15>$D15+설정!$B$22,"비중 많음",IF($C15<$D15-설정!$B$22,"비중 적음","적정")))) | G15: =IF($A15="","",IF($D15="","",-$E15*보유현황!$D$3))
B16: =IF($A16="","",SUMIFS(보유현황!$K$6:$K$65,보유현황!$D$6:$D$65,$A16)) | C16: =IF($A16="","",IFERROR($B16/보유현황!$D$3,0)) | E16: =IF($A16="","",IF($D16="","",$C16-$D16)) | F16: =IF($A16="","",IF($D16="","목표 없음",IF($C16>$D16+설정!$B$22,"비중 많음",IF($C16<$D16-설정!$B$22,"비중 적음","적정")))) | G16: =IF($A16="","",IF($D16="","",-$E16*보유현황!$D$3))
B17: =IF($A17="","",SUMIFS(보유현황!$K$6:$K$65,보유현황!$D$6:$D$65,$A17)) | C17: =IF($A17="","",IFERROR($B17/보유현황!$D$3,0)) | E17: =IF($A17="","",IF($D17="","",$C17-$D17)) | F17: =IF($A17="","",IF($D17="","목표 없음",IF($C17>$D17+설정!$B$22,"비중 많음",IF($C17<$D17-설정!$B$22,"비중 적음","적정")))) | G17: =IF($A17="","",IF($D17="","",-$E17*보유현황!$D$3))
B18: =IF($A18="","",SUMIFS(보유현황!$K$6:$K$65,보유현황!$D$6:$D$65,$A18)) | C18: =IF($A18="","",IFERROR($B18/보유현황!$D$3,0)) | E18: =IF($A18="","",IF($D18="","",$C18-$D18)) | F18: =IF($A18="","",IF($D18="","목표 없음",IF($C18>$D18+설정!$B$22,"비중 많음",IF($C18<$D18-설정!$B$22,"비중 적음","적정")))) | G18: =IF($A18="","",IF($D18="","",-$E18*보유현황!$D$3))
B19: =IF($A19="","",SUMIFS(보유현황!$K$6:$K$65,보유현황!$D$6:$D$65,$A19)) | C19: =IF($A19="","",IFERROR($B19/보유현황!$D$3,0)) | E19: =IF($A19="","",IF($D19="","",$C19-$D19)) | F19: =IF($A19="","",IF($D19="","목표 없음",IF($C19>$D19+설정!$B$22,"비중 많음",IF($C19<$D19-설정!$B$22,"비중 적음","적정")))) | G19: =IF($A19="","",IF($D19="","",-$E19*보유현황!$D$3))
B20: =IF($A20="","",SUMIFS(보유현황!$K$6:$K$65,보유현황!$D$6:$D$65,$A20)) | C20: =IF($A20="","",IFERROR($B20/보유현황!$D$3,0)) | E20: =IF($A20="","",IF($D20="","",$C20-$D20)) | F20: =IF($A20="","",IF($D20="","목표 없음",IF($C20>$D20+설정!$B$22,"비중 많음",IF($C20<$D20-설정!$B$22,"비중 적음","적정")))) | G20: =IF($A20="","",IF($D20="","",-$E20*보유현황!$D$3))
B21: =IF($A21="","",SUMIFS(보유현황!$K$6:$K$65,보유현황!$D$6:$D$65,$A21)) | C21: =IF($A21="","",IFERROR($B21/보유현황!$D$3,0)) | E21: =IF($A21="","",IF($D21="","",$C21-$D21)) | F21: =IF($A21="","",IF($D21="","목표 없음",IF($C21>$D21+설정!$B$22,"비중 많음",IF($C21<$D21-설정!$B$22,"비중 적음","적정")))) | G21: =IF($A21="","",IF($D21="","",-$E21*보유현황!$D$3))
... B23: =IF($A23="","",SUMIFS(보유현황!$K$6:$K$65,보유현황!$D$6:$D$65,$A23)) | C23: =IF($A23="","",IFERROR($B23/보유현황!$D$3,0)) | E23: =IF($A23="","",IF($D23="","",$C23-$D23)) | F23: =IF($A23="","",IF($D23="","목표 없음",IF($C23>$D23+설정!$B$22,"비중 많음",IF($C23<$D23-설정!$B$22,"비중 적음","적정")))) | G23: =IF($A23="","",IF($D23="","",-$E23*보유현황!$D$3))
A24: 합계 | B24: =SUM(B4:B23) | C24: =SUM(C4:C23) | D24: =SUM(D4:D23)
A26: 조정 금액: + 는 더 사야 할 금액, − 는 팔아야 할 금액입니다.
A27: 아직 안 가진 항목도 적어두면 "비중 적음" 으로 잡아줍니다. (예: 미국 주식이 하나도 없을 때)

Sheet 설정
A1: 설정
A2: 환율과 허용오차. 노란 칸만 고치세요.
A4: 기준통화 | B4: KRW | C4: 모든 금액을 이 통화로 바꿔서 비중을 냅니다.
A6: 환율 | C6: 1 외화 = 몇 원인지 적으세요. 앱 → 설정 → 환율 에서 볼 수 있습니다.
A7: 통화 | B7: 원화 환산 | C7: 메모
A8: KRW | B8: 1 | C8: 기준통화
A9: USD | B9: 1340 | C9: 미국 달러
A10: VND | B10: 0.0525 | C10: 베트남 동
A11: JPY | B11: 9.1 | C11: 일본 엔
A12: EUR | B12: 1450 | C12: 유로
A13: HKD | B13: 172 | C13: 홍콩 달러
A14: CNY | B14: 186 | C14: 중국 위안
A15: GBP | B15: 1700 | C15: 영국 파운드
A20: 허용오차 | C20: 목표에서 이만큼까지는 "적정" 으로 봅니다. 5%p 면 0.05 를 넣으세요.
A21: 국가별 | B21: 0.05
A22: 섹터별 | B22: 0.05
